CREATE DATABASE IF NOT EXISTS `mydb`;

-- mydb.users definição

CREATE TABLE IF NOT EXISTS `users` (
  `id` binary(16) NOT NULL,
  `deleted` bit(1) DEFAULT NULL,
  `email` varchar(255) NOT NULL,
  `name` varchar(255) NOT NULL,
  `password` varchar(255) DEFAULT NULL,
  `phone` varchar(255) DEFAULT NULL,
  `url_image` varchar(255) DEFAULT NULL,
  `id","deleted","email","name","password","phone","url_image` varchar(128) DEFAULT NULL,
  PRIMARY KEY (`id`),
  UNIQUE KEY `UK6dotkott2kjsp8vw4d0m25fb7` (`email`)
) ENGINE=InnoDB DEFAULT CHARSET=utf8mb4 COLLATE=utf8mb4_0900_ai_ci;


-- mydb.teams definição

CREATE TABLE IF NOT EXISTS `teams` (
  `id` binary(16) NOT NULL,
  `deleted` bit(1) DEFAULT NULL,
  `name` varchar(255) NOT NULL,
  `url_image` varchar(500) DEFAULT NULL,
  `users_id` binary(16) DEFAULT NULL,
  PRIMARY KEY (`id`),
  UNIQUE KEY `UKa510no6sjwqcx153yd5sm4jrr` (`name`),
  KEY `FKavydmycmchcsgmq5nje9rmyjr` (`users_id`),
  CONSTRAINT `FKavydmycmchcsgmq5nje9rmyjr` FOREIGN KEY (`users_id`) REFERENCES `users` (`id`)
) ENGINE=InnoDB DEFAULT CHARSET=utf8mb4 COLLATE=utf8mb4_0900_ai_ci;

-- mydb.players definição

CREATE TABLE IF NOT EXISTS `players` (
  `id` binary(16) NOT NULL,
  `name` varchar(255) NOT NULL,
  `number` int NOT NULL,
  `position` varchar(255) NOT NULL,
  `teams_id` binary(16) NOT NULL,
  PRIMARY KEY (`id`),
  KEY `FK9hc9autuynaovo3rn3bth21xy` (`teams_id`),
  CONSTRAINT `FK9hc9autuynaovo3rn3bth21xy` FOREIGN KEY (`teams_id`) REFERENCES `teams` (`id`)
) ENGINE=InnoDB DEFAULT CHARSET=utf8mb4 COLLATE=utf8mb4_0900_ai_ci;



-- mydb.championships definição

CREATE TABLE IF NOT EXISTS `championships` (
  `id` binary(16) NOT NULL,
  `award` float NOT NULL,
  `created_at` datetime(6) DEFAULT NULL,
  `description` varchar(500) DEFAULT NULL,
  `name` varchar(255) DEFAULT NULL,
  `qnt_teams` int DEFAULT NULL,
  `status` enum('FINISHED','IN_PROGRESS','CREATE') DEFAULT NULL,
  `type` enum('CUP','LEAGUE') DEFAULT NULL,
  `users_id` binary(16) DEFAULT NULL,
  PRIMARY KEY (`id`),
  KEY `FKth5qewow8i6d5ttkb8mbmfp4m` (`users_id`),
  CONSTRAINT `FKth5qewow8i6d5ttkb8mbmfp4m` FOREIGN KEY (`users_id`) REFERENCES `users` (`id`)
) ENGINE=InnoDB DEFAULT CHARSET=utf8mb4 COLLATE=utf8mb4_0900_ai_ci;

-- mydb.championships_teams definição

CREATE TABLE IF NOT EXISTS `championships_teams` (
  `id` binary(16) NOT NULL,
  `championships_id` binary(16) NOT NULL,
  `team_id` binary(16) NOT NULL,
  PRIMARY KEY (`id`),
  KEY `FKl1illnuva811bxsl7y1cht5ca` (`championships_id`),
  KEY `FKtr4v5k1vmto4y2bscy3b76lc` (`team_id`),
  CONSTRAINT `FKl1illnuva811bxsl7y1cht5ca` FOREIGN KEY (`championships_id`) REFERENCES `championships` (`id`),
  CONSTRAINT `FKtr4v5k1vmto4y2bscy3b76lc` FOREIGN KEY (`team_id`) REFERENCES `teams` (`id`)
) ENGINE=InnoDB DEFAULT CHARSET=utf8mb4 COLLATE=utf8mb4_0900_ai_ci;


-- mydb.results definição

CREATE TABLE IF NOT EXISTS `results` (
  `id` binary(16) NOT NULL,
  `away_team_goals` int DEFAULT NULL,
  `home_team_goals` int DEFAULT NULL,
  `status` enum('FINISHED','IN_PROGRESS','CREATE') DEFAULT NULL,
  `id_away_team` binary(16) DEFAULT NULL,
  `id_home_team` binary(16) DEFAULT NULL,
  `chamspionships_id` binary(16) DEFAULT NULL,
  PRIMARY KEY (`id`),
  KEY `FKhbo655eqvackh90dwn9tdahb3` (`chamspionships_id`),
  CONSTRAINT `FKhbo655eqvackh90dwn9tdahb3` FOREIGN KEY (`chamspionships_id`) REFERENCES `championships` (`id`)
) ENGINE=InnoDB DEFAULT CHARSET=utf8mb4 COLLATE=utf8mb4_0900_ai_ci;

-- mydb.statistics definição

CREATE TABLE IF NOT EXISTS `statistics` (
  `id` binary(16) NOT NULL,
  `goal_against` int DEFAULT NULL,
  `goals` int DEFAULT NULL,
  `matches` int DEFAULT NULL,
  `participations` int DEFAULT NULL,
  `red_cards` int DEFAULT NULL,
  `yellow_cards` int DEFAULT NULL,
  `chanspions_ships_has_teams_id` binary(16) DEFAULT NULL,
  `players_id` binary(16) DEFAULT NULL,
  `results_id` binary(16) DEFAULT NULL,
  PRIMARY KEY (`id`),
  KEY `FKwfdas61bx7evqqlx9vwv3a5b` (`chanspions_ships_has_teams_id`),
  KEY `FK1fgv4sdp051xbob4ncebsv1ce` (`players_id`),
  KEY `FKj3wm256bcu2dnohatygvr1sj1` (`results_id`),
  CONSTRAINT `FK1fgv4sdp051xbob4ncebsv1ce` FOREIGN KEY (`players_id`) REFERENCES `players` (`id`),
  CONSTRAINT `FKj3wm256bcu2dnohatygvr1sj1` FOREIGN KEY (`results_id`) REFERENCES `results` (`id`),
  CONSTRAINT `FKwfdas61bx7evqqlx9vwv3a5b` FOREIGN KEY (`chanspions_ships_has_teams_id`) REFERENCES `championships_teams` (`id`)
) ENGINE=InnoDB DEFAULT CHARSET=utf8mb4 COLLATE=utf8mb4_0900_ai_ci;

INSERT INTO mydb.users (id,deleted,email,name,password,phone,url_image,`id","deleted","email","name","password","phone","url_image`) VALUES
	 (0x1E96AA45E015434C94FFA30A79696937,0,'Brain@gmail.com','Brain','$2a$10$.In.fssvS0bsl06XBDzFZ.g3jorZZ/YQglYdcQ.jVjds5cGWNpm3O','','',NULL),
	 (0x272190B32BCD469093BDC3BA715B4E70,0,'Neha@gmail.com','Neha','$2a$10$0GWvOOjiM/aQz5/ooUNa6.P5S0kfrGz9pOi9AOrGmV3wASUd2vjni','','',NULL),
	 (0x4D9F26D9E876424D9C181F097F3A6D4E,0,'Tanya@gmail.com','Tanya','$2a$10$osXiXe8B5J0dU9dinlpljOVs6iBnNjdVipLx/XLE9OV9SlhEzvMfS','','',NULL),
	 (0x56DCBCF7FF46450E98CE6CC265CE235B,0,'Rosemarie@gmail.com','Rosemarie','$2a$10$Cyg3JvWgSWVUF0sZ.ojgFOL.vBvafOrU4xzxx6V65fNHa0RhRVsde','','',NULL),
	 (0x5C03AEB088C3469AB6978AAF4D113FD2,0,'Flo@gmail.com','Flo','$2a$10$DeqnG31pRCMcLxOZwf2hceX4/xIOJpVEv1eZN0J8/HbfFDhkwf186','','',NULL),
	 (0x776D4B22297F472882D1EEAF6F91C2A4,0,'Zita@gmail.com','Zita','$2a$10$PSxmzB9sP9f7Sac4ruWLYOhfYYIyh9prlHx2Zbn4BXLIxJPUIqlIa','','',NULL),
	 (0x99C46E9653284D1B903460ADB7F609A1,0,'Abner@gmail.com','Abner','$2a$10$44OqjjTLJ/tBb4Y0L5HFxuPLll7zkIQ7f51kVGixPTklDpVEqIDq2','','',NULL),
	 (0x9F85AB82A8F248279A83D2C8442C62E0,0,'Eldred@gmail.com','Eldred','$2a$10$NZ5VJrCJfuXmxrQhtjXIbO7RZO4Q.ErytPUnwP5GzG6ZLNJ3Uz5vi','','',NULL),
	 (0xB238CBF649E740A590704A981B8B7DBA,0,'Reynold@gmail.com','Reynold','$2a$10$B//9IA2pmAQsmjxA52TPRu1ySEOLtrOzVbie.9sKsBKwA1xRsV6.S','','',NULL),
	 (0xB87267F85D0A48E5848FE13FF806FDC2,0,'Mellie@gmail.com','Mellie','$2a$10$r1dtmI.XbpPZ8.1EoCVroeeH818ZyrCnGjEfGql.67JD9jRldLXGe','','',NULL);
INSERT INTO mydb.users (id,deleted,email,name,password,phone,url_image,`id","deleted","email","name","password","phone","url_image`) VALUES
	 (0xF83D9B81904E439985D28D07A1A2F85A,0,'Sebastian@gmail.com','Sebastian','$2a$10$NpuAyV7Q0esC/VdsZEKnJ.C0KYQkvNLpiDe99Ibn1M8efMZ0AbQPS','','',NULL);


INSERT INTO mydb.teams (id,deleted,name,url_image,users_id) VALUES
	 (0x0065A2569623479583C498085A0FDDE3,NULL,'Neha','url',0x272190B32BCD469093BDC3BA715B4E70),
	 (0x021DE699165F434785C7753221D147FE,NULL,'Abner','url',0x99C46E9653284D1B903460ADB7F609A1),
	 (0x08CB97BDCB23445D9DE90CF4490417BE,NULL,'Sebastian','url',0xF83D9B81904E439985D28D07A1A2F85A),
	 (0x5CB00004978B4E4C9FFED7635DACA34A,NULL,'Rosemarie','url',0x56DCBCF7FF46450E98CE6CC265CE235B),
	 (0x5CDE8DCE832D48F98E15E36D3FB2B2A3,NULL,'Tanya','url',0x4D9F26D9E876424D9C181F097F3A6D4E),
	 (0xA1D99165203C49AC8C3BD86202EAB30D,NULL,'Eldred','url',0x9F85AB82A8F248279A83D2C8442C62E0),
	 (0xDBCC0A85548C4CA7A04FD970B39A31A0,NULL,'Brain','url',0x1E96AA45E015434C94FFA30A79696937),
	 (0xF086542A1F8A4CC6AB44FAAEEB38FCC5,NULL,'Mellie','url',0xB87267F85D0A48E5848FE13FF806FDC2),
	 (0xF2F23B81297E4CB5BD7698E4F3462684,NULL,'Flo','url',0x5C03AEB088C3469AB6978AAF4D113FD2),
	 (0xF3B4E7A3545549899C80C66C52621B42,NULL,'Reynold','url',0xB238CBF649E740A590704A981B8B7DBA);
INSERT INTO mydb.teams (id,deleted,name,url_image,users_id) VALUES
	 (0xF8F6B51390C743F9B8985B76C4E6CAED,NULL,'Zita','url',0x776D4B22297F472882D1EEAF6F91C2A4);

INSERT INTO championships (id,award,created_at,description,name,qnt_teams,status,`type`,users_id) VALUES
	(0x1E72A66C19734088B9EEEA826ADF91B1,0.0,'2025-05-28 17:23:43.583000','Uma liga de exemplo','Liga Exemplo Liga Berenice',10,'CREATE','LEAGUE',0x9F85AB82A8F248279A83D2C8442C62E0);


INSERT INTO championships_teams (id,championships_id,team_id) VALUES
	 (0x1EC710774ABB4846A3AF06870B488691,0x1E72A66C19734088B9EEEA826ADF91B1,0xDBCC0A85548C4CA7A04FD970B39A31A0),
	 (0x338F40188BE947A6986E6E36D14328D9,0x1E72A66C19734088B9EEEA826ADF91B1,0xF086542A1F8A4CC6AB44FAAEEB38FCC5),
	 (0x3D9BC6EED2594D3BA0B8192CFBFB4627,0x1E72A66C19734088B9EEEA826ADF91B1,0xF3B4E7A3545549899C80C66C52621B42),
	 (0x4582163679974B6282A20D2832E86F92,0x1E72A66C19734088B9EEEA826ADF91B1,0x5CDE8DCE832D48F98E15E36D3FB2B2A3),
	 (0x46DBFDDB7BDC4EAEAF7D92C3F700B1AA,0x1E72A66C19734088B9EEEA826ADF91B1,0x08CB97BDCB23445D9DE90CF4490417BE),
	 (0x4AC3E9B65CA74C9AB3D26FA6769541BE,0x1E72A66C19734088B9EEEA826ADF91B1,0x5CB00004978B4E4C9FFED7635DACA34A),
	 (0x71C5F034F9604DD38F971E1F64AA351C,0x1E72A66C19734088B9EEEA826ADF91B1,0x021DE699165F434785C7753221D147FE),
	 (0xA4ED2DD1938F45ED99B449A5914A7D86,0x1E72A66C19734088B9EEEA826ADF91B1,0x0065A2569623479583C498085A0FDDE3),
	 (0xDCADBEDEABBC430BAE2017EEF11F8D22,0x1E72A66C19734088B9EEEA826ADF91B1,0xF2F23B81297E4CB5BD7698E4F3462684),
	 (0xDED5E4D0737349AE92CAF77D98AA3575,0x1E72A66C19734088B9EEEA826ADF91B1,0xF8F6B51390C743F9B8985B76C4E6CAED);


INSERT INTO mydb.results (id,away_team_goals,home_team_goals,id_away_team,id_home_team,chamspionships_id) VALUES
	 (0x038368DC68FA4D0CB43ADA86F7B05347,0,0,0x021DE699165F434785C7753221D147FE,0x0065A2569623479583C498085A0FDDE3,0x1E72A66C19734088B9EEEA826ADF91B1),
	 (0x0600C27913D744BDA6653BC05605B879,0,0,0xDBCC0A85548C4CA7A04FD970B39A31A0,0x021DE699165F434785C7753221D147FE,0x1E72A66C19734088B9EEEA826ADF91B1),
	 (0x0C7F8FE79F6141BE9CAC4A00A18F67DF,0,0,0x5CB00004978B4E4C9FFED7635DACA34A,0xF086542A1F8A4CC6AB44FAAEEB38FCC5,0x1E72A66C19734088B9EEEA826ADF91B1),
	 (0x0C918C6D96574E30BED31488129C39C4,0,0,0xDBCC0A85548C4CA7A04FD970B39A31A0,0x5CDE8DCE832D48F98E15E36D3FB2B2A3,0x1E72A66C19734088B9EEEA826ADF91B1),
	 (0x0F150643063443B598FB5F7049895B37,0,0,0x0065A2569623479583C498085A0FDDE3,0xF086542A1F8A4CC6AB44FAAEEB38FCC5,0x1E72A66C19734088B9EEEA826ADF91B1),
	 (0x0F828485EED94D679FF3E7FA66969593,0,0,0x021DE699165F434785C7753221D147FE,0xF2F23B81297E4CB5BD7698E4F3462684,0x1E72A66C19734088B9EEEA826ADF91B1),
	 (0x0F85D1BBD78F45EAA4ED7BAA0A76F5C3,0,0,0x5CB00004978B4E4C9FFED7635DACA34A,0x5CDE8DCE832D48F98E15E36D3FB2B2A3,0x1E72A66C19734088B9EEEA826ADF91B1),
	 (0x1199FF8E8D0743768A5E7324A6C3BB9A,0,0,0xF8F6B51390C743F9B8985B76C4E6CAED,0x5CDE8DCE832D48F98E15E36D3FB2B2A3,0x1E72A66C19734088B9EEEA826ADF91B1),
	 (0x130E246D02EB48198BD42B8EF0C263EB,0,0,0xF2F23B81297E4CB5BD7698E4F3462684,0xF3B4E7A3545549899C80C66C52621B42,0x1E72A66C19734088B9EEEA826ADF91B1),
	 (0x1625BD52EDC34B3A997CA52059A92093,0,0,0xF8F6B51390C743F9B8985B76C4E6CAED,0xF086542A1F8A4CC6AB44FAAEEB38FCC5,0x1E72A66C19734088B9EEEA826ADF91B1);
INSERT INTO mydb.results (id,away_team_goals,home_team_goals,id_away_team,id_home_team,chamspionships_id) VALUES
	 (0x17E25D654A554E0DABB088D016998117,0,0,0xF2F23B81297E4CB5BD7698E4F3462684,0x08CB97BDCB23445D9DE90CF4490417BE,0x1E72A66C19734088B9EEEA826ADF91B1),
	 (0x1AF7154856204938871FE4AD7ED56269,0,0,0x0065A2569623479583C498085A0FDDE3,0x021DE699165F434785C7753221D147FE,0x1E72A66C19734088B9EEEA826ADF91B1),
	 (0x1DF740F937C14090893EB587F708DF22,0,0,0xF3B4E7A3545549899C80C66C52621B42,0xF2F23B81297E4CB5BD7698E4F3462684,0x1E72A66C19734088B9EEEA826ADF91B1),
	 (0x1E53F541C054460F9E4B02142CF60A7F,0,0,0x021DE699165F434785C7753221D147FE,0x08CB97BDCB23445D9DE90CF4490417BE,0x1E72A66C19734088B9EEEA826ADF91B1),
	 (0x202099A1A49745808E824420A2A1E859,0,0,0x5CDE8DCE832D48F98E15E36D3FB2B2A3,0xF3B4E7A3545549899C80C66C52621B42,0x1E72A66C19734088B9EEEA826ADF91B1),
	 (0x21FA7471FD1845369F5BCB681B175D36,0,0,0xF086542A1F8A4CC6AB44FAAEEB38FCC5,0xF3B4E7A3545549899C80C66C52621B42,0x1E72A66C19734088B9EEEA826ADF91B1),
	 (0x22B7681BD93743369397B48B40C8B7D2,0,0,0x08CB97BDCB23445D9DE90CF4490417BE,0x5CDE8DCE832D48F98E15E36D3FB2B2A3,0x1E72A66C19734088B9EEEA826ADF91B1),
	 (0x234095099B194C9F8CF0316ACEA6279C,0,0,0x5CDE8DCE832D48F98E15E36D3FB2B2A3,0xDBCC0A85548C4CA7A04FD970B39A31A0,0x1E72A66C19734088B9EEEA826ADF91B1),
	 (0x2488608AE4124DE9926D10DD11D96389,0,0,0x5CDE8DCE832D48F98E15E36D3FB2B2A3,0xF8F6B51390C743F9B8985B76C4E6CAED,0x1E72A66C19734088B9EEEA826ADF91B1),
	 (0x2A80652F4C7A4E83B93E568E78504EBB,0,0,0x021DE699165F434785C7753221D147FE,0xDBCC0A85548C4CA7A04FD970B39A31A0,0x1E72A66C19734088B9EEEA826ADF91B1);
INSERT INTO mydb.results (id,away_team_goals,home_team_goals,id_away_team,id_home_team,chamspionships_id) VALUES
	 (0x2C5C6CBEE2F24182A8ABF9BF7E663F67,0,0,0x5CDE8DCE832D48F98E15E36D3FB2B2A3,0x08CB97BDCB23445D9DE90CF4490417BE,0x1E72A66C19734088B9EEEA826ADF91B1),
	 (0x2C84D6C644E6463BBA8849A0434FB99E,0,0,0x0065A2569623479583C498085A0FDDE3,0x08CB97BDCB23445D9DE90CF4490417BE,0x1E72A66C19734088B9EEEA826ADF91B1),
	 (0x2C859F30EB034945BB514E496939AA56,0,0,0xDBCC0A85548C4CA7A04FD970B39A31A0,0x0065A2569623479583C498085A0FDDE3,0x1E72A66C19734088B9EEEA826ADF91B1),
	 (0x2D26E6327E304A57822EF30AD9566745,0,0,0xF3B4E7A3545549899C80C66C52621B42,0x021DE699165F434785C7753221D147FE,0x1E72A66C19734088B9EEEA826ADF91B1),
	 (0x2E6CD02FB59846C4B9E76A023EB7B4CB,0,0,0x021DE699165F434785C7753221D147FE,0xF3B4E7A3545549899C80C66C52621B42,0x1E72A66C19734088B9EEEA826ADF91B1),
	 (0x2E86925F855146D5BB11042BB9A23169,0,0,0xDBCC0A85548C4CA7A04FD970B39A31A0,0xF3B4E7A3545549899C80C66C52621B42,0x1E72A66C19734088B9EEEA826ADF91B1),
	 (0x2F818DF063144AE8A3C102811EFA3CAB,0,0,0x08CB97BDCB23445D9DE90CF4490417BE,0xF8F6B51390C743F9B8985B76C4E6CAED,0x1E72A66C19734088B9EEEA826ADF91B1),
	 (0x33F261A99BD04C7986625E8415631FE7,0,0,0x5CDE8DCE832D48F98E15E36D3FB2B2A3,0x5CB00004978B4E4C9FFED7635DACA34A,0x1E72A66C19734088B9EEEA826ADF91B1),
	 (0x35E4579333C74D7AB9D6C2EEC54F9971,0,0,0xF8F6B51390C743F9B8985B76C4E6CAED,0x5CB00004978B4E4C9FFED7635DACA34A,0x1E72A66C19734088B9EEEA826ADF91B1),
	 (0x36F534A82F1D4DDE8376DB28F6E484B2,0,0,0xF2F23B81297E4CB5BD7698E4F3462684,0xF086542A1F8A4CC6AB44FAAEEB38FCC5,0x1E72A66C19734088B9EEEA826ADF91B1);
INSERT INTO mydb.results (id,away_team_goals,home_team_goals,id_away_team,id_home_team,chamspionships_id) VALUES
	 (0x3973FAFC4CF7487B845C8144BA38AA08,0,0,0xF3B4E7A3545549899C80C66C52621B42,0x5CDE8DCE832D48F98E15E36D3FB2B2A3,0x1E72A66C19734088B9EEEA826ADF91B1),
	 (0x3B7937CCA2744028BAFBA6B78095E931,0,0,0x0065A2569623479583C498085A0FDDE3,0x5CB00004978B4E4C9FFED7635DACA34A,0x1E72A66C19734088B9EEEA826ADF91B1),
	 (0x447847FD539649478E43938AD0F78D16,0,0,0xF086542A1F8A4CC6AB44FAAEEB38FCC5,0x021DE699165F434785C7753221D147FE,0x1E72A66C19734088B9EEEA826ADF91B1),
	 (0x4700EFAF87BB454EBA5F5D4A75E2EEF2,0,0,0x08CB97BDCB23445D9DE90CF4490417BE,0xDBCC0A85548C4CA7A04FD970B39A31A0,0x1E72A66C19734088B9EEEA826ADF91B1),
	 (0x4ECC5120E8F2475FB9F86F77C679C9B1,0,0,0x5CB00004978B4E4C9FFED7635DACA34A,0x08CB97BDCB23445D9DE90CF4490417BE,0x1E72A66C19734088B9EEEA826ADF91B1),
	 (0x54C1BC6563064467BB2472E19FD0DC1E,0,0,0xF2F23B81297E4CB5BD7698E4F3462684,0xDBCC0A85548C4CA7A04FD970B39A31A0,0x1E72A66C19734088B9EEEA826ADF91B1),
	 (0x5FC6CD7F2575490EACA73148F53366AF,0,0,0x08CB97BDCB23445D9DE90CF4490417BE,0x5CB00004978B4E4C9FFED7635DACA34A,0x1E72A66C19734088B9EEEA826ADF91B1),
	 (0x6014ED22FB904A98928B943DCFF47C61,0,0,0x5CDE8DCE832D48F98E15E36D3FB2B2A3,0x021DE699165F434785C7753221D147FE,0x1E72A66C19734088B9EEEA826ADF91B1),
	 (0x60CCBDE411EE4347826C4903457E8C42,0,0,0x5CDE8DCE832D48F98E15E36D3FB2B2A3,0xF2F23B81297E4CB5BD7698E4F3462684,0x1E72A66C19734088B9EEEA826ADF91B1),
	 (0x61D2BD8C385647DCAEED58A44FC5423F,0,0,0x5CB00004978B4E4C9FFED7635DACA34A,0x021DE699165F434785C7753221D147FE,0x1E72A66C19734088B9EEEA826ADF91B1);
INSERT INTO mydb.results (id,away_team_goals,home_team_goals,id_away_team,id_home_team,chamspionships_id) VALUES
	 (0x61E021C40BB54BBE930558E6A1EBE5E9,0,0,0xF3B4E7A3545549899C80C66C52621B42,0x5CB00004978B4E4C9FFED7635DACA34A,0x1E72A66C19734088B9EEEA826ADF91B1),
	 (0x64023AC8CD0F451F8307ADDE362EF2C6,0,0,0x08CB97BDCB23445D9DE90CF4490417BE,0xF086542A1F8A4CC6AB44FAAEEB38FCC5,0x1E72A66C19734088B9EEEA826ADF91B1),
	 (0x65EC5AE65DCE4FFD8474427DE307FF07,0,0,0x5CDE8DCE832D48F98E15E36D3FB2B2A3,0x0065A2569623479583C498085A0FDDE3,0x1E72A66C19734088B9EEEA826ADF91B1),
	 (0x668FFC53C3D04A64BA86673579BBCE9F,0,0,0xF3B4E7A3545549899C80C66C52621B42,0xF8F6B51390C743F9B8985B76C4E6CAED,0x1E72A66C19734088B9EEEA826ADF91B1),
	 (0x690C75754479441A8D2FD76F91FDF088,0,0,0xF2F23B81297E4CB5BD7698E4F3462684,0x0065A2569623479583C498085A0FDDE3,0x1E72A66C19734088B9EEEA826ADF91B1),
	 (0x6C3EFE7427FE424C88F2ED40AAFD5B51,0,0,0x5CB00004978B4E4C9FFED7635DACA34A,0xF3B4E7A3545549899C80C66C52621B42,0x1E72A66C19734088B9EEEA826ADF91B1),
	 (0x70E171D75E5648E88CAE847991379018,0,0,0x0065A2569623479583C498085A0FDDE3,0x5CDE8DCE832D48F98E15E36D3FB2B2A3,0x1E72A66C19734088B9EEEA826ADF91B1),
	 (0x75372D205ECA44FD8F21982B8FC5B8D5,0,0,0x021DE699165F434785C7753221D147FE,0xF8F6B51390C743F9B8985B76C4E6CAED,0x1E72A66C19734088B9EEEA826ADF91B1),
	 (0x79FF091875764C1691A11F35E60A930F,0,0,0x0065A2569623479583C498085A0FDDE3,0xF3B4E7A3545549899C80C66C52621B42,0x1E72A66C19734088B9EEEA826ADF91B1),
	 (0x7A9C9031E667493CA508C84D12BAD3E8,0,0,0x021DE699165F434785C7753221D147FE,0x5CB00004978B4E4C9FFED7635DACA34A,0x1E72A66C19734088B9EEEA826ADF91B1);
INSERT INTO mydb.results (id,away_team_goals,home_team_goals,id_away_team,id_home_team,chamspionships_id) VALUES
	 (0x7EFD51B579BA4B23BF71A61438ACD110,0,0,0x0065A2569623479583C498085A0FDDE3,0xF8F6B51390C743F9B8985B76C4E6CAED,0x1E72A66C19734088B9EEEA826ADF91B1),
	 (0x801455EB530642DF9DF1F22A91DEB7DE,0,0,0xF086542A1F8A4CC6AB44FAAEEB38FCC5,0x08CB97BDCB23445D9DE90CF4490417BE,0x1E72A66C19734088B9EEEA826ADF91B1),
	 (0x80D79BE709FD42C891CD628C0975D2F9,0,0,0xDBCC0A85548C4CA7A04FD970B39A31A0,0xF8F6B51390C743F9B8985B76C4E6CAED,0x1E72A66C19734088B9EEEA826ADF91B1),
	 (0x901EF8CC35BB4D82AA0ECAD7DDE57318,0,0,0xF3B4E7A3545549899C80C66C52621B42,0xF086542A1F8A4CC6AB44FAAEEB38FCC5,0x1E72A66C19734088B9EEEA826ADF91B1),
	 (0x908DAD911DA2493D9E2DA5770B0BCCED,0,0,0x08CB97BDCB23445D9DE90CF4490417BE,0xF2F23B81297E4CB5BD7698E4F3462684,0x1E72A66C19734088B9EEEA826ADF91B1),
	 (0x913564504BD64A72BC846D8FF6456BC8,0,0,0xF3B4E7A3545549899C80C66C52621B42,0x0065A2569623479583C498085A0FDDE3,0x1E72A66C19734088B9EEEA826ADF91B1),
	 (0x9397A6AD7D26409C86135C810C7CF619,0,0,0xF8F6B51390C743F9B8985B76C4E6CAED,0x021DE699165F434785C7753221D147FE,0x1E72A66C19734088B9EEEA826ADF91B1),
	 (0x947380BB05B746AE9CF57B1D0D73E276,0,0,0xF086542A1F8A4CC6AB44FAAEEB38FCC5,0x0065A2569623479583C498085A0FDDE3,0x1E72A66C19734088B9EEEA826ADF91B1),
	 (0x97353B419C7B443D9EC6E17EB8940BE1,0,0,0x021DE699165F434785C7753221D147FE,0x5CDE8DCE832D48F98E15E36D3FB2B2A3,0x1E72A66C19734088B9EEEA826ADF91B1),
	 (0x97C5F5924D364BEDBAD5BF6875D41879,0,0,0xF3B4E7A3545549899C80C66C52621B42,0x08CB97BDCB23445D9DE90CF4490417BE,0x1E72A66C19734088B9EEEA826ADF91B1);
INSERT INTO mydb.results (id,away_team_goals,home_team_goals,id_away_team,id_home_team,chamspionships_id) VALUES
	 (0x98C2C5C5B270451DB48C664B08367A9F,0,0,0xDBCC0A85548C4CA7A04FD970B39A31A0,0x08CB97BDCB23445D9DE90CF4490417BE,0x1E72A66C19734088B9EEEA826ADF91B1),
	 (0x9BC7404A8B5847FBB7A4050EDFBB6A23,0,0,0x08CB97BDCB23445D9DE90CF4490417BE,0x0065A2569623479583C498085A0FDDE3,0x1E72A66C19734088B9EEEA826ADF91B1),
	 (0x9BCCB1EED6C945DF9FB700F3A20A6749,0,0,0xDBCC0A85548C4CA7A04FD970B39A31A0,0x5CB00004978B4E4C9FFED7635DACA34A,0x1E72A66C19734088B9EEEA826ADF91B1),
	 (0x9E90FA01397C4FFD8BF1ADA7D929152F,0,0,0xF3B4E7A3545549899C80C66C52621B42,0xDBCC0A85548C4CA7A04FD970B39A31A0,0x1E72A66C19734088B9EEEA826ADF91B1),
	 (0x9EF0BFB68CCC480E9764BD723DC2F0DE,0,0,0x5CB00004978B4E4C9FFED7635DACA34A,0xDBCC0A85548C4CA7A04FD970B39A31A0,0x1E72A66C19734088B9EEEA826ADF91B1),
	 (0xA310519770424FB794F7C8D7B639BFA0,0,0,0xF086542A1F8A4CC6AB44FAAEEB38FCC5,0xDBCC0A85548C4CA7A04FD970B39A31A0,0x1E72A66C19734088B9EEEA826ADF91B1),
	 (0xA6B3206900EF4B42B4E865181110F5B4,0,0,0xF8F6B51390C743F9B8985B76C4E6CAED,0xDBCC0A85548C4CA7A04FD970B39A31A0,0x1E72A66C19734088B9EEEA826ADF91B1),
	 (0xAB042619F86149E8AC37A1466BA3A4D5,0,0,0x5CDE8DCE832D48F98E15E36D3FB2B2A3,0xF086542A1F8A4CC6AB44FAAEEB38FCC5,0x1E72A66C19734088B9EEEA826ADF91B1),
	 (0xAB57366A2E1E455CB36C5EC6B79119D0,0,0,0xF8F6B51390C743F9B8985B76C4E6CAED,0x0065A2569623479583C498085A0FDDE3,0x1E72A66C19734088B9EEEA826ADF91B1),
	 (0xAED1E420474647F38C03072351BB2121,0,0,0x08CB97BDCB23445D9DE90CF4490417BE,0x021DE699165F434785C7753221D147FE,0x1E72A66C19734088B9EEEA826ADF91B1);
INSERT INTO mydb.results (id,away_team_goals,home_team_goals,id_away_team,id_home_team,chamspionships_id) VALUES
	 (0xB021DBCE168340B3B50D165EF3948EB4,0,0,0xF086542A1F8A4CC6AB44FAAEEB38FCC5,0xF2F23B81297E4CB5BD7698E4F3462684,0x1E72A66C19734088B9EEEA826ADF91B1),
	 (0xB04B11B7E42F40669A1D26148DE18E34,0,0,0xF086542A1F8A4CC6AB44FAAEEB38FCC5,0x5CB00004978B4E4C9FFED7635DACA34A,0x1E72A66C19734088B9EEEA826ADF91B1),
	 (0xB7010991D054460DB7EB5007BEB78627,0,0,0x0065A2569623479583C498085A0FDDE3,0xF2F23B81297E4CB5BD7698E4F3462684,0x1E72A66C19734088B9EEEA826ADF91B1),
	 (0xB88A925824554431B5B8FA2C774412D3,0,0,0xF8F6B51390C743F9B8985B76C4E6CAED,0xF3B4E7A3545549899C80C66C52621B42,0x1E72A66C19734088B9EEEA826ADF91B1),
	 (0xB9F23C79BEC14E3489CBFE7A3CFAE052,0,0,0x5CB00004978B4E4C9FFED7635DACA34A,0xF8F6B51390C743F9B8985B76C4E6CAED,0x1E72A66C19734088B9EEEA826ADF91B1),
	 (0xBCC4CAD250E64029BC526C84D46233E1,0,0,0xF086542A1F8A4CC6AB44FAAEEB38FCC5,0xF8F6B51390C743F9B8985B76C4E6CAED,0x1E72A66C19734088B9EEEA826ADF91B1),
	 (0xBDD062C2B364449FBD5DE350843BAE9A,0,0,0x5CB00004978B4E4C9FFED7635DACA34A,0x0065A2569623479583C498085A0FDDE3,0x1E72A66C19734088B9EEEA826ADF91B1),
	 (0xC0ACD281E14641A29465BDEAF460384C,0,0,0xF2F23B81297E4CB5BD7698E4F3462684,0x5CB00004978B4E4C9FFED7635DACA34A,0x1E72A66C19734088B9EEEA826ADF91B1),
	 (0xC44F43B8841A4EE39AA853956003A48B,0,0,0x08CB97BDCB23445D9DE90CF4490417BE,0xF3B4E7A3545549899C80C66C52621B42,0x1E72A66C19734088B9EEEA826ADF91B1),
	 (0xC6B5F5E527B94734AB54B049CA69326E,0,0,0xF086542A1F8A4CC6AB44FAAEEB38FCC5,0x5CDE8DCE832D48F98E15E36D3FB2B2A3,0x1E72A66C19734088B9EEEA826ADF91B1);
INSERT INTO mydb.results (id,away_team_goals,home_team_goals,id_away_team,id_home_team,chamspionships_id) VALUES
	 (0xC8ACB81ED66B4963B54D620A073F2790,0,0,0xF2F23B81297E4CB5BD7698E4F3462684,0xF8F6B51390C743F9B8985B76C4E6CAED,0x1E72A66C19734088B9EEEA826ADF91B1),
	 (0xD970F5B325344E4FAB39A289E73FEBA2,0,0,0x5CB00004978B4E4C9FFED7635DACA34A,0xF2F23B81297E4CB5BD7698E4F3462684,0x1E72A66C19734088B9EEEA826ADF91B1),
	 (0xD9CC6834CB9B4B30946FECA846E589A7,0,0,0xF2F23B81297E4CB5BD7698E4F3462684,0x5CDE8DCE832D48F98E15E36D3FB2B2A3,0x1E72A66C19734088B9EEEA826ADF91B1),
	 (0xD9F88EEAEE1A48E691539DCD4A26AABE,0,0,0xF8F6B51390C743F9B8985B76C4E6CAED,0xF2F23B81297E4CB5BD7698E4F3462684,0x1E72A66C19734088B9EEEA826ADF91B1),
	 (0xDFD28BEDAE7C4BEBA898E6C05419B1C3,0,0,0xF8F6B51390C743F9B8985B76C4E6CAED,0x08CB97BDCB23445D9DE90CF4490417BE,0x1E72A66C19734088B9EEEA826ADF91B1),
	 (0xEAF38FCD9695414F84125360D5AB469E,0,0,0x0065A2569623479583C498085A0FDDE3,0xDBCC0A85548C4CA7A04FD970B39A31A0,0x1E72A66C19734088B9EEEA826ADF91B1),
	 (0xEFA7511FF0B241BCBD46CDA8ED7B6E8A,0,0,0xDBCC0A85548C4CA7A04FD970B39A31A0,0xF2F23B81297E4CB5BD7698E4F3462684,0x1E72A66C19734088B9EEEA826ADF91B1),
	 (0xF3C4E9E5B5FA420C9487228D4F52A3D7,0,0,0xF2F23B81297E4CB5BD7698E4F3462684,0x021DE699165F434785C7753221D147FE,0x1E72A66C19734088B9EEEA826ADF91B1),
	 (0xF8B96A6ED03747FF85D7E9E8C6F9204C,0,0,0x021DE699165F434785C7753221D147FE,0xF086542A1F8A4CC6AB44FAAEEB38FCC5,0x1E72A66C19734088B9EEEA826ADF91B1),
	 (0xF8E576E75B064A03AB774AE8C93C23D9,0,0,0xDBCC0A85548C4CA7A04FD970B39A31A0,0xF086542A1F8A4CC6AB44FAAEEB38FCC5,0x1E72A66C19734088B9EEEA826ADF91B1);
