CREATE DATABASE IF NOT EXISTS `mydb`;

-- mydb.users definição

CREATE TABLE IF NOT EXISTS `users` (
  `id` binary(16) NOT NULL,
  `deleted` bit(1) DEFAULT NULL,
  `email` varchar(255) NOT NULL,
  `name` varchar(255) NOT NULL,
  `password` varchar(255) DEFAULT NULL,
  `phone` varchar(255) DEFAULT NULL,
  `url_image` varchar(255) DEFAULT NULL,
  `id","deleted","email","name","password","phone","url_image` varchar(128) DEFAULT NULL,
  PRIMARY KEY (`id`),
  UNIQUE KEY `UK6dotkott2kjsp8vw4d0m25fb7` (`email`)
) ENGINE=InnoDB DEFAULT CHARSET=utf8mb4 COLLATE=utf8mb4_0900_ai_ci;


-- mydb.teams definição

CREATE TABLE IF NOT EXISTS `teams` (
  `id` binary(16) NOT NULL,
  `deleted` bit(1) DEFAULT NULL,
  `name` varchar(255) NOT NULL,
  `url_image` varchar(500) DEFAULT NULL,
  `users_id` binary(16) DEFAULT NULL,
  PRIMARY KEY (`id`),
  UNIQUE KEY `UKa510no6sjwqcx153yd5sm4jrr` (`name`),
  KEY `FKavydmycmchcsgmq5nje9rmyjr` (`users_id`),
  CONSTRAINT `FKavydmycmchcsgmq5nje9rmyjr` FOREIGN KEY (`users_id`) REFERENCES `users` (`id`)
) ENGINE=InnoDB DEFAULT CHARSET=utf8mb4 COLLATE=utf8mb4_0900_ai_ci;

-- mydb.players definição

CREATE TABLE IF NOT EXISTS `players` (
  `id` binary(16) NOT NULL,
  `name` varchar(255) NOT NULL,
  `number` int NOT NULL,
  `position` varchar(255) NOT NULL,
  `teams_id` binary(16) NOT NULL,
  PRIMARY KEY (`id`),
  KEY `FK9hc9autuynaovo3rn3bth21xy` (`teams_id`),
  CONSTRAINT `FK9hc9autuynaovo3rn3bth21xy` FOREIGN KEY (`teams_id`) REFERENCES `teams` (`id`)
) ENGINE=InnoDB DEFAULT CHARSET=utf8mb4 COLLATE=utf8mb4_0900_ai_ci;



-- mydb.championships definição

CREATE TABLE IF NOT EXISTS `championships` (
  `id` binary(16) NOT NULL,
  `award` float NOT NULL,
  `created_at` datetime(6) DEFAULT NULL,
  `description` varchar(255) DEFAULT NULL,
  `name` varchar(255) DEFAULT NULL,
  `qnt_teams` int DEFAULT NULL,
  `status` enum('FINISHED','IN_PROGRESS','SCHEDULED') DEFAULT NULL,
  `type` enum('CUP','LEAGUE') DEFAULT NULL,
  `users_id` binary(16) DEFAULT NULL,
  PRIMARY KEY (`id`),
  KEY `FKth5qewow8i6d5ttkb8mbmfp4m` (`users_id`),
  CONSTRAINT `FKth5qewow8i6d5ttkb8mbmfp4m` FOREIGN KEY (`users_id`) REFERENCES `users` (`id`)
) ENGINE=InnoDB DEFAULT CHARSET=utf8mb4 COLLATE=utf8mb4_0900_ai_ci;

-- mydb.championships_teams definição

CREATE TABLE IF NOT EXISTS `championships_teams` (
  `id` binary(16) NOT NULL,
  `championships_id` binary(16) NOT NULL,
  `team_id` binary(16) NOT NULL,
  PRIMARY KEY (`id`),
  KEY `FKl1illnuva811bxsl7y1cht5ca` (`championships_id`),
  KEY `FKtr4v5k1vmto4y2bscy3b76lc` (`team_id`),
  CONSTRAINT `FKl1illnuva811bxsl7y1cht5ca` FOREIGN KEY (`championships_id`) REFERENCES `championships` (`id`),
  CONSTRAINT `FKtr4v5k1vmto4y2bscy3b76lc` FOREIGN KEY (`team_id`) REFERENCES `teams` (`id`)
) ENGINE=InnoDB DEFAULT CHARSET=utf8mb4 COLLATE=utf8mb4_0900_ai_ci;


-- mydb.results definição

CREATE TABLE IF NOT EXISTS `results` (
  `id` binary(16) NOT NULL,
  `away_team_goals` int DEFAULT NULL,
  `home_team_goals` int DEFAULT NULL,
  `id_away_team` binary(16) DEFAULT NULL,
  `id_home_team` binary(16) DEFAULT NULL,
  `chamspionships_id` binary(16) DEFAULT NULL,
  PRIMARY KEY (`id`),
  KEY `FKhbo655eqvackh90dwn9tdahb3` (`chamspionships_id`),
  CONSTRAINT `FKhbo655eqvackh90dwn9tdahb3` FOREIGN KEY (`chamspionships_id`) REFERENCES `championships` (`id`)
) ENGINE=InnoDB DEFAULT CHARSET=utf8mb4 COLLATE=utf8mb4_0900_ai_ci;

-- mydb.statistics definição

CREATE TABLE IF NOT EXISTS `statistics` (
  `id` binary(16) NOT NULL,
  `goal_against` int DEFAULT NULL,
  `goals` int DEFAULT NULL,
  `matches` int DEFAULT NULL,
  `participations` int DEFAULT NULL,
  `red_cards` int DEFAULT NULL,
  `yellow_cards` int DEFAULT NULL,
  `chanspions_ships_has_teams_id` binary(16) DEFAULT NULL,
  `players_id` binary(16) DEFAULT NULL,
  `results_id` binary(16) DEFAULT NULL,
  PRIMARY KEY (`id`),
  KEY `FKwfdas61bx7evqqlx9vwv3a5b` (`chanspions_ships_has_teams_id`),
  KEY `FK1fgv4sdp051xbob4ncebsv1ce` (`players_id`),
  KEY `FKj3wm256bcu2dnohatygvr1sj1` (`results_id`),
  CONSTRAINT `FK1fgv4sdp051xbob4ncebsv1ce` FOREIGN KEY (`players_id`) REFERENCES `players` (`id`),
  CONSTRAINT `FKj3wm256bcu2dnohatygvr1sj1` FOREIGN KEY (`results_id`) REFERENCES `results` (`id`),
  CONSTRAINT `FKwfdas61bx7evqqlx9vwv3a5b` FOREIGN KEY (`chanspions_ships_has_teams_id`) REFERENCES `championships_teams` (`id`)
) ENGINE=InnoDB DEFAULT CHARSET=utf8mb4 COLLATE=utf8mb4_0900_ai_ci;


INSERT INTO mydb.users (id,deleted,email,name,password,phone,url_image) VALUES
	 (0x10F5218D680B4253A79746D40BBFB29B,0,'Hanna@gmail.com','Hanna','$2a$10$WU33fkqtZGlYrfqXu7bjne5hm46O8lqk8KUOt/gdahJYmKdNmLraS','',''),
	 (0x14B549D5499E430EB88E08ED1FEC0887,0,'Shanon@gmail.com','Shanon','$2a$10$8dBOmZ2DxUfW/gv5YNdQHOQhOmDORTSxzy54bCUodJo4Iu4bpx/7G','',''),
	 (0x14FAF79726A645A5A17B8AE6A8982EFC,0,'Arianna@gmail.com','Arianna','$2a$10$nPl0/yOFjXBu5iMicgQ2GuQ7K8oymPUBIlL9Wu.omMtcLqpPTuPbS','',''),
	 (0x15B99063A1B54CDEBF10E97E53670AD8,0,'Karl@gmail.com','Karl','$2a$10$bZJCIoaYLZa.s83oo.x2juch6HKjmHYzJqJNJQ0vxa/Am5ZGGjcNy','',''),
	 (0x25F65C69D3424C2EB68733F47E23984E,0,'Cheyanne@gmail.com','Cheyanne','$2a$10$xat5116ZS5NrxZMOEYunTu.nI.8dlxR5jQCEomK55Vvdmle3sMbHy','',''),
	 (0x26ACAB4571794EE3A428198EE06C01E9,0,'Elsie@gmail.com','Elsie','$2a$10$lD8TBQ5PcNVoUfWDSNoOl.ltuACHr.kfy6tgBx4b3n5Sd5Lcz7py6','',''),
	 (0x2A892F993BA24B428BB8909A00ED6569,0,'Zora@gmail.com','Zora','$2a$10$eVAtX7ZSRKiL1CrtpsEZZOUJy.4SzU98UAsfqkTrXB4hDkeabpq4y','',''),
	 (0x2E93604AC7DB4FE0BE4A379C3E4A98DD,0,'Anna@gmail.com','Anna','$2a$10$il6UexVPt83ClYeLZnxj7.ktcTDUWA6KbpQ/WszpCocZ3SAMalJFa','',''),
	 (0x3D1E54AD172A45918D3237A38BA41973,0,'Robyn@gmail.com','Robyn','$2a$10$I7qjoF246dLnoU9QAFsWo.uJ3cNGUHnj/bEHZwvJj09i0gvAgNFbi','',''),
	 (0x452BB51D19C64B12B1D8D794B8ADF04B,0,'Donald@gmail.com','Donald','$2a$10$KN3QMUOl6vBoDIreBJOYd.0bNwyGBUCNOfUeiPOrw3R6pA2gfZ5XC','','');
INSERT INTO mydb.users (id,deleted,email,name,password,phone,url_image) VALUES
	 (0x462F07BBC7404A64B0042EF979D39C04,0,'Jarret@gmail.com','Jarret','$2a$10$5/m71uMa86JXMDecmh0.re1swuTfjcULlEPiW0JjpxXszw98jyDtK','',''),
	 (0x50075BF9529E464FA0D3FB9C2785AD6F,0,'Juston@gmail.com','Juston','$2a$10$E9Ao8aD7pWn7kAWixJqSAuDvNsYciU4c08qz9DbiSMPTcTayvsmIC','',''),
	 (0x520A263045F1493685CFAC8A706F5D4B,0,'Lyda@gmail.com','Lyda','$2a$10$l5hLHidw0a/Yv5LyoRzBMehBmrswvNn3b74hfu7YAO5xiKJGC96xe','',''),
	 (0x66C2172E22C240989C8EA452B27CF3B9,0,'Casandra@gmail.com','Casandra','$2a$10$7TsRtQrVL5z8hOapiBLwaevzB9sYC8koYy9pGgUdMFC4Y2Q1ECPJa','',''),
	 (0x679B6DACEA20461ABE5A9DF96A979AB3,0,'Dedric@gmail.com','Dedric','$2a$10$3EvQuEC2QjkfUBifQ/YthOOccy7AX/ztZ/.VaKuA6dGpNGGJKjXoS','',''),
	 (0x77B4AE0ADBFC426F89B552F26F4011BF,0,'Idella@gmail.com','Idella','$2a$10$gOcDiVeJuzxyvOI0fKkJxOht87OKA/uqpn6rL6KfGzutJDIGwrhS.','',''),
	 (0x8008F7EA9BA54A829FF338BAE420D706,0,'Della@gmail.com','Della','$2a$10$MfD3tlF9OlzC.N3rhHaCpe5.XI9sS6LrQKPu4u3xEq7KZDExLQ/Gq','',''),
	 (0x87C9D89B4C704E2AB067418103338371,0,'Krystina@gmail.com','Krystina','$2a$10$zPGGzdiyLH6Ljao2vMDBRuU69hHG8JIzvICS3k4Z7turQTyxfO08K','',''),
	 (0x951836B654994C5A870DF2018DE10090,0,'Elda@gmail.com','Elda','$2a$10$Jq3M9hJ4AWRjNPopXURtvOwT62vmbx6BsnIjBByC5IOlWvgdpSlhu','',''),
	 (0x97453E4E22874C3FAA9CB4585DC02B14,0,'Leonard@gmail.com','Leonard','$2a$10$oC/WiByPsVJogmY7dmt95el.H6QiN0tLz.xfLwyMpv58Ym3C0QP6C','','');
INSERT INTO mydb.users (id,deleted,email,name,password,phone,url_image) VALUES
	 (0x9891592902114CC88E3E7F14AB878847,0,'Brenna@gmail.com','Brenna','$2a$10$43vbWa2gNqvzP0hgCcxAKuVM4F/y/k9xxqeK0nt4QcxgxDCD0l4AC','',''),
	 (0x9CB12208EE4F4D2B8BD70B654E6FF73B,0,'Bell@gmail.com','Bell','$2a$10$c63h.bNRpIm0gXHSnh6EfuHZ66BoUeBdXrtbU7bJQ9Efr3UhkOt8q','',''),
	 (0xA234FA06B3CF43ECB8CA7348D9F498CB,0,'Isaac@gmail.com','Isaac','$2a$10$FayWryaphhF9jJoVVe9/XewP8k6uNejbjblpqL29EYas2AJiNmdku','',''),
	 (0xA28FA9BF38E340208BB5BBE130C82BF7,0,'Pearlie@gmail.com','Pearlie','$2a$10$txZS1jB4nHl5dqbZp1mglOGm5sS4J6oJ2xpc5nbnFXH.b1ADIdyry','',''),
	 (0xA83E7676EE9949D1BEA16EE64B8AD1FA,0,'Raven@gmail.com','Raven','$2a$10$6lbIsogqTsPSZ0Cy.hsoiOsEU8xpwK3wbttRpC.Aodnyg4qr5zNJ.','',''),
	 (0xC0742D25F56344238F7ECD77888A704B,0,'Gladyce@gmail.com','Gladyce','$2a$10$irR42zSjDlitdbMVgaoRsu.Mwk5kanAsQGZVu1rhm9Kc0mMhX7s/u','',''),
	 (0xC6085CE525F047A6A3F8DF8125DBB175,0,'Savanah@gmail.com','Savanah','$2a$10$cQF8aO6WHhXIM3L1DSz.yu7y7DbPdiaqIcB9DB6slKmvtHhZQGSoe','',''),
	 (0xC8ED49876D2049EC805D7BAF0BDB3110,0,'Turner@gmail.com','Turner','$2a$10$WCKZY4OjlN1gpzQthQLxI.DrOPwJ/agKHFLH04hmq1HXYwjbr51fK','',''),
	 (0xCADE55B7AD274B02B6FE670D8A06C105,0,'Elinore@gmail.com','Elinore','$2a$10$m6dvG.jFCX85nyUqW4CVTuhhNhxBsGFNeJf2/NMU1wm.Ild9e8nWG','',''),
	 (0xCE19A2BF9F1747258E6B22A577364041,0,'Marlee@gmail.com','Marlee','$2a$10$TsPS99jN/sn3NqZW9128POv9ZWOdihGRbzPYNog0vP8rqMvWqeAi.','','');
INSERT INTO mydb.users (id,deleted,email,name,password,phone,url_image) VALUES
	 (0xD0156A45E1E948EE98991EF4DAB8C7E3,0,'Bryce@gmail.com','Bryce','$2a$10$uWy.H4WI2/8oxiRX5oV6WeDle1UyQLKVDBw87eztrhpDa/5FWypCK','',''),
	 (0xD765DD08F74442D7B63C88E08107ABB0,0,'Mafalda@gmail.com','Mafalda','$2a$10$lfBdSbwnY8QG2ura5QQCYed8GMXZIn6Gyhx3l3CQodVhfVUVagnpq','',''),
	 (0xDFA55901BFA34A0D9C14041C4D281971,0,'Adaline@gmail.com','Adaline','$2a$10$/ajn3UT8/Xm.NNXgimbN5esRjsNYY3oETSmPf4y7oslBSm/CjT.Ly','',''),
	 (0xE01C750147BF45909476E368D0F9265C,0,'Dayne@gmail.com','Dayne','$2a$10$YTBLQgyTOSMEjfCBNK9GpO9nDGM94bY9wS895q7aknN14Hhr/Fuvm','',''),
	 (0xE160B22ED9E142929BC1CCB8AE538EAC,0,'Brett@gmail.com','Brett','$2a$10$z6qlSA9OHb7BT0Wno5cUH.jhwT0CzhqoWXrIx1o7V/vZmNSXu.fD.','',''),
	 (0xE18EB3F115E948289A56E37F90FAB702,0,'Rebekah@gmail.com','Rebekah','$2a$10$Z5nQRzQ1cYua1ffe5slnwOul3zzB3OnUBQLiEbu5zMZZ3BfevkPmS','',''),
	 (0xE3A90A2F802748D6B44292A16A5AB49F,0,'Monserrate@gmail.com','Monserrate','$2a$10$jQ1udsaN99I5NXlXHce4lO/IF9EZIQEJnU.XOha0KLZN/.K9PIzGi','',''),
	 (0xE6CE37A0401F494EA4C4A9662C4C7677,0,'Tracy@gmail.com','Tracy','$2a$10$Uo8nCK4EULQY/By3NIcRzejwiMg4xUjlKXfP7Xv5ELSFHFNUB0/Cm','',''),
	 (0xEAB13D95F1E34B059DB9E94109C110E4,0,'Madison@gmail.com','Madison','$2a$10$WgpuNlDkP3N4G23bmXucFef7qYao9WOkXRY1yrsozNm17YVSuJDDe','',''),
	 (0xFD9A628799B64864A83D4A2C3F566DA1,0,'Enrique@gmail.com','Enrique','$2a$10$zJDF.caD66C68W1sJkeZ6eqQI8LpGIxU6wNz.aXE2O1pX6NCXVcm.','','');


INSERT INTO mydb.teams (id, deleted, name, url_image, users_id) VALUES(0x06A5F4A2B18F4643A8E6961A7513F5CC, NULL, 'Riley', 'url', 0x47384086B43D4AE0957C7B4BE01C04C7);
INSERT INTO mydb.teams (id, deleted, name, url_image, users_id) VALUES(0x091C8898655440B0ABA77604BB093C18, NULL, 'Delphia', 'url', 0x7368B9F3D97B42C39DD84736B4901D4C);
INSERT INTO mydb.teams (id, deleted, name, url_image, users_id) VALUES(0x0A306C2F3391407ABD3F2B3B47445E7D, NULL, 'Orland', 'url', 0x6D4A01B3B84044EBB68CA5B40DD54D00);
INSERT INTO mydb.teams (id, deleted, name, url_image, users_id) VALUES(0x0A74D93587D24A07A75FD1B53A90FF41, NULL, 'Greta', 'url', 0xF18846FE920740ECA02C6582DF9F66A8);
INSERT INTO mydb.teams (id, deleted, name, url_image, users_id) VALUES(0x0D15B02292344CD3AC8F11F4AB48088D, NULL, 'Carissa', 'url', 0x02006678DD7C4A7E97544D534893D0EF);
INSERT INTO mydb.teams (id, deleted, name, url_image, users_id) VALUES(0x0D574585C13444528F597F02B420BA3E, NULL, 'Cierra', 'url', 0x56746D2E0F994F98A66C4FE82EBF1EA0);
INSERT INTO mydb.teams (id, deleted, name, url_image, users_id) VALUES(0x123E7729E3DB4E19A3943A1D376B95B0, NULL, 'Gilda', 'url', 0xA679C5CA4A0E4497809BF0E4193E52C3);
INSERT INTO mydb.teams (id, deleted, name, url_image, users_id) VALUES(0x1A8B7CA795A34140B182D7C5E6AA1D63, NULL, 'Malinda', 'url', 0x084A026759874FCF9D7D1995386FC29C);
INSERT INTO mydb.teams (id, deleted, name, url_image, users_id) VALUES(0x2025306916814E5A9C463ED8B94B70C5, NULL, 'Lance', 'url', 0x7476BE61BA85461DA26B1A8EAA356D12);
INSERT INTO mydb.teams (id, deleted, name, url_image, users_id) VALUES(0x350878AB06874E12895EA62BDFD05422, NULL, 'Rubye', 'url', 0x08DCF5FA7A8C4EC59BEEC65A9DC22D21);
INSERT INTO mydb.teams (id, deleted, name, url_image, users_id) VALUES(0x3F4EDEA04A974A0BA69C12F67474FFF6, NULL, 'Deon', 'url', 0x25D7FB0E1A134818A9CBDE512C98534B);
INSERT INTO mydb.teams (id, deleted, name, url_image, users_id) VALUES(0x4A11B22B1E254208934C03328073BAC0, NULL, 'Marlen', 'url', 0x4CDEBDD6963D4453AF8681AF32623E60);
INSERT INTO mydb.teams (id, deleted, name, url_image, users_id) VALUES(0x529FAA0CDA6E46BD84F317EEA519D8E6, NULL, 'Chanel', 'url', 0x47D5118C84AF44FFAB7984BE3E9D85FF);
INSERT INTO mydb.teams (id, deleted, name, url_image, users_id) VALUES(0x86C4578BCA024568BB9DED8212BFB4D4, NULL, 'Nathan', 'url', 0xE0834EE7333F4556BD47ECF0034C2DA5);
INSERT INTO mydb.teams (id, deleted, name, url_image, users_id) VALUES(0xC056B290C9114460A8C7426F24B3AD5A, NULL, 'Buford', 'url', 0xDA42E31C352D4F3E9B5240DC90BE12C0);
INSERT INTO mydb.teams (id, deleted, name, url_image, users_id) VALUES(0xC0957265FEAC4900A49E977CDE5D8F44, NULL, 'George', 'url', 0xB9E445F3E4514504B6DD18622089D0CB);
INSERT INTO mydb.teams (id, deleted, name, url_image, users_id) VALUES(0xCFDC51B8C79048B2A29C41FE0F3BB66D, NULL, 'Neva', 'url', 0x4061E65A932D41E4AEB6D73350E24662);
INSERT INTO mydb.teams (id, deleted, name, url_image, users_id) VALUES(0xD16329827F7A4042AAD8141B74952E61, NULL, 'Karolann', 'url', 0xE73E4DE9F544410BA2C0AB3EFD7D1997);
INSERT INTO mydb.teams (id, deleted, name, url_image, users_id) VALUES(0xD8068E2B83224D70A11100D959641C70, NULL, 'Mozelle', 'url', 0xD7AE931C423C47379C139C2DF40EE898);
INSERT INTO mydb.teams (id, deleted, name, url_image, users_id) VALUES(0xF13CFC77A5B5464AA28728119D158D1E, NULL, 'Annetta', 'url', 0x99B55BCD82DB41E480E74F84EDF282A5);
INSERT INTO mydb.teams (id, deleted, name, url_image, users_id) VALUES(0xFD6242C5B158414C82E90C5C1B71ECCA, NULL, 'Izabella', 'url', 0x8B8A2983049D487FB94CCCF700D2D36D);


INSERT INTO mydb.championships (id, award, created_at, description, name, qnt_teams, status, `type`, users_id) VALUES(0x4DB5825EBD774417A1787E85BC0400FD, 1000000.0, '2025-05-27 00:01:00.715000', 'Uma liga de exemplo', 'Liga Exemplo Liga Martin', 10, 'SCHEDULED', 'LEAGUE', 0x8B8A2983049D487FB94CCCF700D2D36D);


INSERT INTO mydb.championships_teams (id, championships_id, team_id) VALUES(0x0E8976C43FCE49B7B47C2CB56147863C, 0x4DB5825EBD774417A1787E85BC0400FD, 0x0D15B02292344CD3AC8F11F4AB48088D);
INSERT INTO mydb.championships_teams (id, championships_id, team_id) VALUES(0x108583C3B4D94A4AB6EDD500EC1E9D7C, 0x4DB5825EBD774417A1787E85BC0400FD, 0xD16329827F7A4042AAD8141B74952E61);
INSERT INTO mydb.championships_teams (id, championships_id, team_id) VALUES(0x256CA010C9E0465B947FA0DC86DA8534, 0x4DB5825EBD774417A1787E85BC0400FD, 0xD8068E2B83224D70A11100D959641C70);
INSERT INTO mydb.championships_teams (id, championships_id, team_id) VALUES(0x2BC44A60C69B4D91BE7792DF1811E38C, 0x4DB5825EBD774417A1787E85BC0400FD, 0x123E7729E3DB4E19A3943A1D376B95B0);
INSERT INTO mydb.championships_teams (id, championships_id, team_id) VALUES(0x80B005F1EB8147869DFEE3294B31BC76, 0x4DB5825EBD774417A1787E85BC0400FD, 0x3F4EDEA04A974A0BA69C12F67474FFF6);
INSERT INTO mydb.championships_teams (id, championships_id, team_id) VALUES(0x8BC7C0FA398E4200AD9086A400811C35, 0x4DB5825EBD774417A1787E85BC0400FD, 0x529FAA0CDA6E46BD84F317EEA519D8E6);
INSERT INTO mydb.championships_teams (id, championships_id, team_id) VALUES(0x9844FEE8A92D46BC816817C8A8AC7417, 0x4DB5825EBD774417A1787E85BC0400FD, 0x0A74D93587D24A07A75FD1B53A90FF41);
INSERT INTO mydb.championships_teams (id, championships_id, team_id) VALUES(0xB3FF8468338A4F0398F7069A227D4418, 0x4DB5825EBD774417A1787E85BC0400FD, 0xC056B290C9114460A8C7426F24B3AD5A);
INSERT INTO mydb.championships_teams (id, championships_id, team_id) VALUES(0xDFC4ADF263B64A36B829455DC24F5BF2, 0x4DB5825EBD774417A1787E85BC0400FD, 0xC0957265FEAC4900A49E977CDE5D8F44);
INSERT INTO mydb.championships_teams (id, championships_id, team_id) VALUES(0xE21A36055706418AB07906D5F649B799, 0x4DB5825EBD774417A1787E85BC0400FD, 0x091C8898655440B0ABA77604BB093C18);

INSERT INTO mydb.results (id, away_team_goals, home_team_goals, id_away_team, id_home_team, chamspionships_id) VALUES(0x0291AE36D9A641FF95D135CA576D1E34, 0, 0, 0x091C8898655440B0ABA77604BB093C18, 0x123E7729E3DB4E19A3943A1D376B95B0, 0x4DB5825EBD774417A1787E85BC0400FD);
INSERT INTO mydb.results (id, away_team_goals, home_team_goals, id_away_team, id_home_team, chamspionships_id) VALUES(0x03CBDC571FD847D7910D3B23FD28D7E7, 0, 0, 0x091C8898655440B0ABA77604BB093C18, 0x3F4EDEA04A974A0BA69C12F67474FFF6, 0x4DB5825EBD774417A1787E85BC0400FD);
INSERT INTO mydb.results (id, away_team_goals, home_team_goals, id_away_team, id_home_team, chamspionships_id) VALUES(0x0A32CEF066CE436DB26302B364F4B627, 0, 0, 0x3F4EDEA04A974A0BA69C12F67474FFF6, 0x0D15B02292344CD3AC8F11F4AB48088D, 0x4DB5825EBD774417A1787E85BC0400FD);
INSERT INTO mydb.results (id, away_team_goals, home_team_goals, id_away_team, id_home_team, chamspionships_id) VALUES(0x0B8D71A0907B4E12988181F9705F9AC3, 0, 0, 0x0D15B02292344CD3AC8F11F4AB48088D, 0x3F4EDEA04A974A0BA69C12F67474FFF6, 0x4DB5825EBD774417A1787E85BC0400FD);
INSERT INTO mydb.results (id, away_team_goals, home_team_goals, id_away_team, id_home_team, chamspionships_id) VALUES(0x104FB589A4E04A538D85B1352BFB5EDA, 0, 0, 0x0D15B02292344CD3AC8F11F4AB48088D, 0x123E7729E3DB4E19A3943A1D376B95B0, 0x4DB5825EBD774417A1787E85BC0400FD);
INSERT INTO mydb.results (id, away_team_goals, home_team_goals, id_away_team, id_home_team, chamspionships_id) VALUES(0x10DD8C696FD54C1BB74FE8E22A72ED09, 0, 0, 0x529FAA0CDA6E46BD84F317EEA519D8E6, 0x091C8898655440B0ABA77604BB093C18, 0x4DB5825EBD774417A1787E85BC0400FD);
INSERT INTO mydb.results (id, away_team_goals, home_team_goals, id_away_team, id_home_team, chamspionships_id) VALUES(0x124DAA17F7DE43FC95B4EFBB58AF0FF7, 0, 0, 0x0A74D93587D24A07A75FD1B53A90FF41, 0x3F4EDEA04A974A0BA69C12F67474FFF6, 0x4DB5825EBD774417A1787E85BC0400FD);
INSERT INTO mydb.results (id, away_team_goals, home_team_goals, id_away_team, id_home_team, chamspionships_id) VALUES(0x12D5F41E1EAB48C4ABF26E1C08840EB3, 0, 0, 0x0A74D93587D24A07A75FD1B53A90FF41, 0x0D15B02292344CD3AC8F11F4AB48088D, 0x4DB5825EBD774417A1787E85BC0400FD);
INSERT INTO mydb.results (id, away_team_goals, home_team_goals, id_away_team, id_home_team, chamspionships_id) VALUES(0x1A6D76184E16486A9610A57C0A69D313, 0, 0, 0xC0957265FEAC4900A49E977CDE5D8F44, 0xD16329827F7A4042AAD8141B74952E61, 0x4DB5825EBD774417A1787E85BC0400FD);
INSERT INTO mydb.results (id, away_team_goals, home_team_goals, id_away_team, id_home_team, chamspionships_id) VALUES(0x1BCAA4CA137140BEAF66F5C7AE709186, 0, 0, 0xC056B290C9114460A8C7426F24B3AD5A, 0xD8068E2B83224D70A11100D959641C70, 0x4DB5825EBD774417A1787E85BC0400FD);
INSERT INTO mydb.results (id, away_team_goals, home_team_goals, id_away_team, id_home_team, chamspionships_id) VALUES(0x1FC200311B1D4354BB174C958FD85C5F, 0, 0, 0xD16329827F7A4042AAD8141B74952E61, 0x529FAA0CDA6E46BD84F317EEA519D8E6, 0x4DB5825EBD774417A1787E85BC0400FD);
INSERT INTO mydb.results (id, away_team_goals, home_team_goals, id_away_team, id_home_team, chamspionships_id) VALUES(0x2291D76A299147C89DF8D954BC7A9397, 0, 0, 0x3F4EDEA04A974A0BA69C12F67474FFF6, 0xC056B290C9114460A8C7426F24B3AD5A, 0x4DB5825EBD774417A1787E85BC0400FD);
INSERT INTO mydb.results (id, away_team_goals, home_team_goals, id_away_team, id_home_team, chamspionships_id) VALUES(0x24208B6731ED4B6198CC4FDD4DBD9914, 0, 0, 0xC0957265FEAC4900A49E977CDE5D8F44, 0x3F4EDEA04A974A0BA69C12F67474FFF6, 0x4DB5825EBD774417A1787E85BC0400FD);
INSERT INTO mydb.results (id, away_team_goals, home_team_goals, id_away_team, id_home_team, chamspionships_id) VALUES(0x26B235B450C848C2BA7DD32DAC25B7B3, 0, 0, 0xC056B290C9114460A8C7426F24B3AD5A, 0xD16329827F7A4042AAD8141B74952E61, 0x4DB5825EBD774417A1787E85BC0400FD);
INSERT INTO mydb.results (id, away_team_goals, home_team_goals, id_away_team, id_home_team, chamspionships_id) VALUES(0x294938EF2C794DA893BC9A9BBB1C088E, 0, 0, 0x123E7729E3DB4E19A3943A1D376B95B0, 0xD16329827F7A4042AAD8141B74952E61, 0x4DB5825EBD774417A1787E85BC0400FD);
INSERT INTO mydb.results (id, away_team_goals, home_team_goals, id_away_team, id_home_team, chamspionships_id) VALUES(0x2D1D4F05EC11452E92ACAE7EFC582458, 0, 0, 0x529FAA0CDA6E46BD84F317EEA519D8E6, 0xC0957265FEAC4900A49E977CDE5D8F44, 0x4DB5825EBD774417A1787E85BC0400FD);
INSERT INTO mydb.results (id, away_team_goals, home_team_goals, id_away_team, id_home_team, chamspionships_id) VALUES(0x2E30D0539FF943D3B9440FAD656BF1B6, 0, 0, 0x529FAA0CDA6E46BD84F317EEA519D8E6, 0x3F4EDEA04A974A0BA69C12F67474FFF6, 0x4DB5825EBD774417A1787E85BC0400FD);
INSERT INTO mydb.results (id, away_team_goals, home_team_goals, id_away_team, id_home_team, chamspionships_id) VALUES(0x3320E03D7F7F4E1C95D52D6F7CD9D92E, 0, 0, 0xC056B290C9114460A8C7426F24B3AD5A, 0x529FAA0CDA6E46BD84F317EEA519D8E6, 0x4DB5825EBD774417A1787E85BC0400FD);
INSERT INTO mydb.results (id, away_team_goals, home_team_goals, id_away_team, id_home_team, chamspionships_id) VALUES(0x365F7F5A83144806A092E17554389EB7, 0, 0, 0x3F4EDEA04A974A0BA69C12F67474FFF6, 0xD16329827F7A4042AAD8141B74952E61, 0x4DB5825EBD774417A1787E85BC0400FD);
INSERT INTO mydb.results (id, away_team_goals, home_team_goals, id_away_team, id_home_team, chamspionships_id) VALUES(0x3731FC4668DC4B669AF7C8596890AA32, 0, 0, 0x091C8898655440B0ABA77604BB093C18, 0xD16329827F7A4042AAD8141B74952E61, 0x4DB5825EBD774417A1787E85BC0400FD);
INSERT INTO mydb.results (id, away_team_goals, home_team_goals, id_away_team, id_home_team, chamspionships_id) VALUES(0x3736B69249FB4229AA93B264F34C5886, 0, 0, 0xC0957265FEAC4900A49E977CDE5D8F44, 0x0A74D93587D24A07A75FD1B53A90FF41, 0x4DB5825EBD774417A1787E85BC0400FD);
INSERT INTO mydb.results (id, away_team_goals, home_team_goals, id_away_team, id_home_team, chamspionships_id) VALUES(0x3DC3A9804BDC485BBACC6A5A003C93EB, 0, 0, 0x123E7729E3DB4E19A3943A1D376B95B0, 0x529FAA0CDA6E46BD84F317EEA519D8E6, 0x4DB5825EBD774417A1787E85BC0400FD);
INSERT INTO mydb.results (id, away_team_goals, home_team_goals, id_away_team, id_home_team, chamspionships_id) VALUES(0x47B4F6DA664D4119A9CDF136170851A3, 0, 0, 0x529FAA0CDA6E46BD84F317EEA519D8E6, 0x123E7729E3DB4E19A3943A1D376B95B0, 0x4DB5825EBD774417A1787E85BC0400FD);
INSERT INTO mydb.results (id, away_team_goals, home_team_goals, id_away_team, id_home_team, chamspionships_id) VALUES(0x499BFBFB45A74B28BEA5D2223D28FA41, 0, 0, 0x0A74D93587D24A07A75FD1B53A90FF41, 0xD16329827F7A4042AAD8141B74952E61, 0x4DB5825EBD774417A1787E85BC0400FD);
INSERT INTO mydb.results (id, away_team_goals, home_team_goals, id_away_team, id_home_team, chamspionships_id) VALUES(0x4E03F3C8476F4AD2BE779B81794A6C8E, 0, 0, 0x123E7729E3DB4E19A3943A1D376B95B0, 0x0D15B02292344CD3AC8F11F4AB48088D, 0x4DB5825EBD774417A1787E85BC0400FD);
INSERT INTO mydb.results (id, away_team_goals, home_team_goals, id_away_team, id_home_team, chamspionships_id) VALUES(0x507EE742780846AC9E5275BDB865FA06, 0, 0, 0x091C8898655440B0ABA77604BB093C18, 0x529FAA0CDA6E46BD84F317EEA519D8E6, 0x4DB5825EBD774417A1787E85BC0400FD);
INSERT INTO mydb.results (id, away_team_goals, home_team_goals, id_away_team, id_home_team, chamspionships_id) VALUES(0x53F3262194204F24ADB3E39AF0ADC3AA, 0, 0, 0x123E7729E3DB4E19A3943A1D376B95B0, 0xC0957265FEAC4900A49E977CDE5D8F44, 0x4DB5825EBD774417A1787E85BC0400FD);
INSERT INTO mydb.results (id, away_team_goals, home_team_goals, id_away_team, id_home_team, chamspionships_id) VALUES(0x58EDE191E2274CC7AD34F3807BE0618E, 0, 0, 0x3F4EDEA04A974A0BA69C12F67474FFF6, 0x091C8898655440B0ABA77604BB093C18, 0x4DB5825EBD774417A1787E85BC0400FD);
INSERT INTO mydb.results (id, away_team_goals, home_team_goals, id_away_team, id_home_team, chamspionships_id) VALUES(0x5E498137319A47D69F0750EF1400ED22, 0, 0, 0x091C8898655440B0ABA77604BB093C18, 0x0D15B02292344CD3AC8F11F4AB48088D, 0x4DB5825EBD774417A1787E85BC0400FD);
INSERT INTO mydb.results (id, away_team_goals, home_team_goals, id_away_team, id_home_team, chamspionships_id) VALUES(0x648350A8A84A47A2BE8F3AC1CE5A8E0D, 0, 0, 0x0D15B02292344CD3AC8F11F4AB48088D, 0xD16329827F7A4042AAD8141B74952E61, 0x4DB5825EBD774417A1787E85BC0400FD);
INSERT INTO mydb.results (id, away_team_goals, home_team_goals, id_away_team, id_home_team, chamspionships_id) VALUES(0x69091A8B187648D082E63BA34BFE1388, 0, 0, 0xD16329827F7A4042AAD8141B74952E61, 0xC0957265FEAC4900A49E977CDE5D8F44, 0x4DB5825EBD774417A1787E85BC0400FD);
INSERT INTO mydb.results (id, away_team_goals, home_team_goals, id_away_team, id_home_team, chamspionships_id) VALUES(0x6A28F2F10FDA4DA6B2DCE2F3DD1EBE54, 0, 0, 0x0A74D93587D24A07A75FD1B53A90FF41, 0xC0957265FEAC4900A49E977CDE5D8F44, 0x4DB5825EBD774417A1787E85BC0400FD);
INSERT INTO mydb.results (id, away_team_goals, home_team_goals, id_away_team, id_home_team, chamspionships_id) VALUES(0x6B47355DCED24D708D3190B7CEF675CB, 0, 0, 0x123E7729E3DB4E19A3943A1D376B95B0, 0x3F4EDEA04A974A0BA69C12F67474FFF6, 0x4DB5825EBD774417A1787E85BC0400FD);
INSERT INTO mydb.results (id, away_team_goals, home_team_goals, id_away_team, id_home_team, chamspionships_id) VALUES(0x6F3FBE6D366C42EDAED367A1C44B200A, 0, 0, 0xC056B290C9114460A8C7426F24B3AD5A, 0x091C8898655440B0ABA77604BB093C18, 0x4DB5825EBD774417A1787E85BC0400FD);
INSERT INTO mydb.results (id, away_team_goals, home_team_goals, id_away_team, id_home_team, chamspionships_id) VALUES(0x72189C4F248C4BF381E58B1F99DC9712, 0, 0, 0xD8068E2B83224D70A11100D959641C70, 0x0A74D93587D24A07A75FD1B53A90FF41, 0x4DB5825EBD774417A1787E85BC0400FD);
INSERT INTO mydb.results (id, away_team_goals, home_team_goals, id_away_team, id_home_team, chamspionships_id) VALUES(0x7A596CCB9B7A4C40B68A75851B43F922, 0, 0, 0x3F4EDEA04A974A0BA69C12F67474FFF6, 0x123E7729E3DB4E19A3943A1D376B95B0, 0x4DB5825EBD774417A1787E85BC0400FD);
INSERT INTO mydb.results (id, away_team_goals, home_team_goals, id_away_team, id_home_team, chamspionships_id) VALUES(0x7D8B7B6895404BD084519DD4CABE09C8, 0, 0, 0x0D15B02292344CD3AC8F11F4AB48088D, 0xD8068E2B83224D70A11100D959641C70, 0x4DB5825EBD774417A1787E85BC0400FD);
INSERT INTO mydb.results (id, away_team_goals, home_team_goals, id_away_team, id_home_team, chamspionships_id) VALUES(0x81FC25A58CE941689C086EC7CB59A5E8, 0, 0, 0x0A74D93587D24A07A75FD1B53A90FF41, 0x091C8898655440B0ABA77604BB093C18, 0x4DB5825EBD774417A1787E85BC0400FD);
INSERT INTO mydb.results (id, away_team_goals, home_team_goals, id_away_team, id_home_team, chamspionships_id) VALUES(0x8863B9FB8DAE497E9DF87E8E01B2C281, 0, 0, 0x3F4EDEA04A974A0BA69C12F67474FFF6, 0xC0957265FEAC4900A49E977CDE5D8F44, 0x4DB5825EBD774417A1787E85BC0400FD);
INSERT INTO mydb.results (id, away_team_goals, home_team_goals, id_away_team, id_home_team, chamspionships_id) VALUES(0x8D76E8552C734A6599A9E805CBF32A68, 0, 0, 0x123E7729E3DB4E19A3943A1D376B95B0, 0xD8068E2B83224D70A11100D959641C70, 0x4DB5825EBD774417A1787E85BC0400FD);
INSERT INTO mydb.results (id, away_team_goals, home_team_goals, id_away_team, id_home_team, chamspionships_id) VALUES(0x90415C324705484AB8BB986F7E809D1F, 0, 0, 0xD16329827F7A4042AAD8141B74952E61, 0x3F4EDEA04A974A0BA69C12F67474FFF6, 0x4DB5825EBD774417A1787E85BC0400FD);
INSERT INTO mydb.results (id, away_team_goals, home_team_goals, id_away_team, id_home_team, chamspionships_id) VALUES(0x92F317E41C204A6AAB38E4F04DF29579, 0, 0, 0x0D15B02292344CD3AC8F11F4AB48088D, 0x529FAA0CDA6E46BD84F317EEA519D8E6, 0x4DB5825EBD774417A1787E85BC0400FD);
INSERT INTO mydb.results (id, away_team_goals, home_team_goals, id_away_team, id_home_team, chamspionships_id) VALUES(0x942B5AFC3F494D84B036CD5B4C9629D2, 0, 0, 0xD8068E2B83224D70A11100D959641C70, 0xD16329827F7A4042AAD8141B74952E61, 0x4DB5825EBD774417A1787E85BC0400FD);
INSERT INTO mydb.results (id, away_team_goals, home_team_goals, id_away_team, id_home_team, chamspionships_id) VALUES(0x949A97F86CD4438CB47C038E90B7EC8B, 0, 0, 0x3F4EDEA04A974A0BA69C12F67474FFF6, 0x0A74D93587D24A07A75FD1B53A90FF41, 0x4DB5825EBD774417A1787E85BC0400FD);
INSERT INTO mydb.results (id, away_team_goals, home_team_goals, id_away_team, id_home_team, chamspionships_id) VALUES(0x9989DE0CFFCA4A8CADAF5272B0A2A868, 0, 0, 0x123E7729E3DB4E19A3943A1D376B95B0, 0x091C8898655440B0ABA77604BB093C18, 0x4DB5825EBD774417A1787E85BC0400FD);
INSERT INTO mydb.results (id, away_team_goals, home_team_goals, id_away_team, id_home_team, chamspionships_id) VALUES(0x9BBAE2579225442FA25A26917F2724C4, 0, 0, 0xD8068E2B83224D70A11100D959641C70, 0x529FAA0CDA6E46BD84F317EEA519D8E6, 0x4DB5825EBD774417A1787E85BC0400FD);
INSERT INTO mydb.results (id, away_team_goals, home_team_goals, id_away_team, id_home_team, chamspionships_id) VALUES(0x9C6C88F8EA42447DBE22054EAD9F1CA0, 0, 0, 0xC056B290C9114460A8C7426F24B3AD5A, 0x3F4EDEA04A974A0BA69C12F67474FFF6, 0x4DB5825EBD774417A1787E85BC0400FD);
INSERT INTO mydb.results (id, away_team_goals, home_team_goals, id_away_team, id_home_team, chamspionships_id) VALUES(0x9CB95C249B6747B4B1BBECFDFEB0E03E, 0, 0, 0x0D15B02292344CD3AC8F11F4AB48088D, 0x0A74D93587D24A07A75FD1B53A90FF41, 0x4DB5825EBD774417A1787E85BC0400FD);
INSERT INTO mydb.results (id, away_team_goals, home_team_goals, id_away_team, id_home_team, chamspionships_id) VALUES(0xA66A23E670CB4A80B0BF3F89126670F9, 0, 0, 0xC0957265FEAC4900A49E977CDE5D8F44, 0x091C8898655440B0ABA77604BB093C18, 0x4DB5825EBD774417A1787E85BC0400FD);
INSERT INTO mydb.results (id, away_team_goals, home_team_goals, id_away_team, id_home_team, chamspionships_id) VALUES(0xA812863D69204DF289673634C49C6CDC, 0, 0, 0x529FAA0CDA6E46BD84F317EEA519D8E6, 0xD8068E2B83224D70A11100D959641C70, 0x4DB5825EBD774417A1787E85BC0400FD);
INSERT INTO mydb.results (id, away_team_goals, home_team_goals, id_away_team, id_home_team, chamspionships_id) VALUES(0xA85658D85747467FB3F0A1E7A885F616, 0, 0, 0xC0957265FEAC4900A49E977CDE5D8F44, 0xD8068E2B83224D70A11100D959641C70, 0x4DB5825EBD774417A1787E85BC0400FD);
INSERT INTO mydb.results (id, away_team_goals, home_team_goals, id_away_team, id_home_team, chamspionships_id) VALUES(0xAA69F5A227EA4CCD9D3486572FB4DBA8, 0, 0, 0xD8068E2B83224D70A11100D959641C70, 0x091C8898655440B0ABA77604BB093C18, 0x4DB5825EBD774417A1787E85BC0400FD);
INSERT INTO mydb.results (id, away_team_goals, home_team_goals, id_away_team, id_home_team, chamspionships_id) VALUES(0xAB30D113671347A793A685A4B7539D66, 0, 0, 0xD8068E2B83224D70A11100D959641C70, 0xC0957265FEAC4900A49E977CDE5D8F44, 0x4DB5825EBD774417A1787E85BC0400FD);
INSERT INTO mydb.results (id, away_team_goals, home_team_goals, id_away_team, id_home_team, chamspionships_id) VALUES(0xAB9784E466B049BAA9009DA1B01799E0, 0, 0, 0xC056B290C9114460A8C7426F24B3AD5A, 0xC0957265FEAC4900A49E977CDE5D8F44, 0x4DB5825EBD774417A1787E85BC0400FD);
INSERT INTO mydb.results (id, away_team_goals, home_team_goals, id_away_team, id_home_team, chamspionships_id) VALUES(0xAC9F790253CF46ED9823850370001FEC, 0, 0, 0xC056B290C9114460A8C7426F24B3AD5A, 0x0D15B02292344CD3AC8F11F4AB48088D, 0x4DB5825EBD774417A1787E85BC0400FD);
INSERT INTO mydb.results (id, away_team_goals, home_team_goals, id_away_team, id_home_team, chamspionships_id) VALUES(0xAF9492D701FD40ACBA66F52879FB8A9C, 0, 0, 0xC0957265FEAC4900A49E977CDE5D8F44, 0xC056B290C9114460A8C7426F24B3AD5A, 0x4DB5825EBD774417A1787E85BC0400FD);
INSERT INTO mydb.results (id, away_team_goals, home_team_goals, id_away_team, id_home_team, chamspionships_id) VALUES(0xB2171D69FD0B43F5967FADF5DAB19CCF, 0, 0, 0xD8068E2B83224D70A11100D959641C70, 0x0D15B02292344CD3AC8F11F4AB48088D, 0x4DB5825EBD774417A1787E85BC0400FD);
INSERT INTO mydb.results (id, away_team_goals, home_team_goals, id_away_team, id_home_team, chamspionships_id) VALUES(0xB68E26B5BD674638BABA6B2D26D87EB7, 0, 0, 0xD16329827F7A4042AAD8141B74952E61, 0x123E7729E3DB4E19A3943A1D376B95B0, 0x4DB5825EBD774417A1787E85BC0400FD);
INSERT INTO mydb.results (id, away_team_goals, home_team_goals, id_away_team, id_home_team, chamspionships_id) VALUES(0xB8B34B7453BB4D17AA028B2FC24A1172, 0, 0, 0xC0957265FEAC4900A49E977CDE5D8F44, 0x529FAA0CDA6E46BD84F317EEA519D8E6, 0x4DB5825EBD774417A1787E85BC0400FD);
INSERT INTO mydb.results (id, away_team_goals, home_team_goals, id_away_team, id_home_team, chamspionships_id) VALUES(0xC0E1065E358547B19FDAF2294FD682CE, 0, 0, 0xD16329827F7A4042AAD8141B74952E61, 0x0A74D93587D24A07A75FD1B53A90FF41, 0x4DB5825EBD774417A1787E85BC0400FD);
INSERT INTO mydb.results (id, away_team_goals, home_team_goals, id_away_team, id_home_team, chamspionships_id) VALUES(0xC12B0BBC5AA54F6AB5A1B8A28455E089, 0, 0, 0x529FAA0CDA6E46BD84F317EEA519D8E6, 0xC056B290C9114460A8C7426F24B3AD5A, 0x4DB5825EBD774417A1787E85BC0400FD);
INSERT INTO mydb.results (id, away_team_goals, home_team_goals, id_away_team, id_home_team, chamspionships_id) VALUES(0xC143D29D9AEE4562A893CBDE4429F8C4, 0, 0, 0x3F4EDEA04A974A0BA69C12F67474FFF6, 0x529FAA0CDA6E46BD84F317EEA519D8E6, 0x4DB5825EBD774417A1787E85BC0400FD);
INSERT INTO mydb.results (id, away_team_goals, home_team_goals, id_away_team, id_home_team, chamspionships_id) VALUES(0xC2F45CA673314AFC9D142FF375ABEA41, 0, 0, 0x0D15B02292344CD3AC8F11F4AB48088D, 0x091C8898655440B0ABA77604BB093C18, 0x4DB5825EBD774417A1787E85BC0400FD);
INSERT INTO mydb.results (id, away_team_goals, home_team_goals, id_away_team, id_home_team, chamspionships_id) VALUES(0xC4E9BCDD3A9B4B6D895BFB9ED40B4042, 0, 0, 0x529FAA0CDA6E46BD84F317EEA519D8E6, 0x0A74D93587D24A07A75FD1B53A90FF41, 0x4DB5825EBD774417A1787E85BC0400FD);
INSERT INTO mydb.results (id, away_team_goals, home_team_goals, id_away_team, id_home_team, chamspionships_id) VALUES(0xC93D8E74F81C4B42B9235756E4695D46, 0, 0, 0xD16329827F7A4042AAD8141B74952E61, 0xD8068E2B83224D70A11100D959641C70, 0x4DB5825EBD774417A1787E85BC0400FD);
INSERT INTO mydb.results (id, away_team_goals, home_team_goals, id_away_team, id_home_team, chamspionships_id) VALUES(0xC9DB92D0E22F428B8B6979DE2F85883B, 0, 0, 0x091C8898655440B0ABA77604BB093C18, 0xC0957265FEAC4900A49E977CDE5D8F44, 0x4DB5825EBD774417A1787E85BC0400FD);
INSERT INTO mydb.results (id, away_team_goals, home_team_goals, id_away_team, id_home_team, chamspionships_id) VALUES(0xCC971CF9B3344BA891302F167F89F668, 0, 0, 0x0A74D93587D24A07A75FD1B53A90FF41, 0x529FAA0CDA6E46BD84F317EEA519D8E6, 0x4DB5825EBD774417A1787E85BC0400FD);
INSERT INTO mydb.results (id, away_team_goals, home_team_goals, id_away_team, id_home_team, chamspionships_id) VALUES(0xCD55EB1BFE6C4FB784A03DA2AAAEB9C4, 0, 0, 0xD8068E2B83224D70A11100D959641C70, 0x3F4EDEA04A974A0BA69C12F67474FFF6, 0x4DB5825EBD774417A1787E85BC0400FD);
INSERT INTO mydb.results (id, away_team_goals, home_team_goals, id_away_team, id_home_team, chamspionships_id) VALUES(0xCF19CBA354DD4621B0C376BCCD79CD9C, 0, 0, 0xC056B290C9114460A8C7426F24B3AD5A, 0x0A74D93587D24A07A75FD1B53A90FF41, 0x4DB5825EBD774417A1787E85BC0400FD);
INSERT INTO mydb.results (id, away_team_goals, home_team_goals, id_away_team, id_home_team, chamspionships_id) VALUES(0xD3D0C187784545AB829E535B055B219C, 0, 0, 0x0A74D93587D24A07A75FD1B53A90FF41, 0x123E7729E3DB4E19A3943A1D376B95B0, 0x4DB5825EBD774417A1787E85BC0400FD);
INSERT INTO mydb.results (id, away_team_goals, home_team_goals, id_away_team, id_home_team, chamspionships_id) VALUES(0xD546623E0BC049E5B3482C991429FD6A, 0, 0, 0x0D15B02292344CD3AC8F11F4AB48088D, 0xC0957265FEAC4900A49E977CDE5D8F44, 0x4DB5825EBD774417A1787E85BC0400FD);
INSERT INTO mydb.results (id, away_team_goals, home_team_goals, id_away_team, id_home_team, chamspionships_id) VALUES(0xD587B60EE4284EE7B8A98E06BE81DBFF, 0, 0, 0xD16329827F7A4042AAD8141B74952E61, 0xC056B290C9114460A8C7426F24B3AD5A, 0x4DB5825EBD774417A1787E85BC0400FD);
INSERT INTO mydb.results (id, away_team_goals, home_team_goals, id_away_team, id_home_team, chamspionships_id) VALUES(0xD6005A3721DB4767B7C81C5489908E69, 0, 0, 0x0D15B02292344CD3AC8F11F4AB48088D, 0xC056B290C9114460A8C7426F24B3AD5A, 0x4DB5825EBD774417A1787E85BC0400FD);
INSERT INTO mydb.results (id, away_team_goals, home_team_goals, id_away_team, id_home_team, chamspionships_id) VALUES(0xDB654FC2EC694CE3876BB5F715D69C1D, 0, 0, 0xC0957265FEAC4900A49E977CDE5D8F44, 0x0D15B02292344CD3AC8F11F4AB48088D, 0x4DB5825EBD774417A1787E85BC0400FD);
INSERT INTO mydb.results (id, away_team_goals, home_team_goals, id_away_team, id_home_team, chamspionships_id) VALUES(0xDBC98A6CF6AA4BDE8FFFD380D2E94B1A, 0, 0, 0x123E7729E3DB4E19A3943A1D376B95B0, 0x0A74D93587D24A07A75FD1B53A90FF41, 0x4DB5825EBD774417A1787E85BC0400FD);
INSERT INTO mydb.results (id, away_team_goals, home_team_goals, id_away_team, id_home_team, chamspionships_id) VALUES(0xDEC5A538FE9749EF86DF51C498BEF31C, 0, 0, 0xD8068E2B83224D70A11100D959641C70, 0x123E7729E3DB4E19A3943A1D376B95B0, 0x4DB5825EBD774417A1787E85BC0400FD);
INSERT INTO mydb.results (id, away_team_goals, home_team_goals, id_away_team, id_home_team, chamspionships_id) VALUES(0xDF17B92C60C94FEA8CE7DFA2CD1E8654, 0, 0, 0xC056B290C9114460A8C7426F24B3AD5A, 0x123E7729E3DB4E19A3943A1D376B95B0, 0x4DB5825EBD774417A1787E85BC0400FD);
INSERT INTO mydb.results (id, away_team_goals, home_team_goals, id_away_team, id_home_team, chamspionships_id) VALUES(0xE5CD646789794B1FB7AB96529EA0FE00, 0, 0, 0x091C8898655440B0ABA77604BB093C18, 0x0A74D93587D24A07A75FD1B53A90FF41, 0x4DB5825EBD774417A1787E85BC0400FD);
INSERT INTO mydb.results (id, away_team_goals, home_team_goals, id_away_team, id_home_team, chamspionships_id) VALUES(0xE5F8C3A720CC445EAAD2A74E2F08956B, 0, 0, 0x529FAA0CDA6E46BD84F317EEA519D8E6, 0xD16329827F7A4042AAD8141B74952E61, 0x4DB5825EBD774417A1787E85BC0400FD);
INSERT INTO mydb.results (id, away_team_goals, home_team_goals, id_away_team, id_home_team, chamspionships_id) VALUES(0xED9400A5136E46939BACA2A5812B31EB, 0, 0, 0x0A74D93587D24A07A75FD1B53A90FF41, 0xD8068E2B83224D70A11100D959641C70, 0x4DB5825EBD774417A1787E85BC0400FD);
INSERT INTO mydb.results (id, away_team_goals, home_team_goals, id_away_team, id_home_team, chamspionships_id) VALUES(0xF4796422D1074A5AAB6E5DD8E30C1564, 0, 0, 0x091C8898655440B0ABA77604BB093C18, 0xD8068E2B83224D70A11100D959641C70, 0x4DB5825EBD774417A1787E85BC0400FD);
INSERT INTO mydb.results (id, away_team_goals, home_team_goals, id_away_team, id_home_team, chamspionships_id) VALUES(0xF74CFE28719F43829ECFEEB811D91F47, 0, 0, 0xC0957265FEAC4900A49E977CDE5D8F44, 0x123E7729E3DB4E19A3943A1D376B95B0, 0x4DB5825EBD774417A1787E85BC0400FD);
INSERT INTO mydb.results (id, away_team_goals, home_team_goals, id_away_team, id_home_team, chamspionships_id) VALUES(0xF832514868EB40E6A8DD819BD45AD3FB, 0, 0, 0x091C8898655440B0ABA77604BB093C18, 0xC056B290C9114460A8C7426F24B3AD5A, 0x4DB5825EBD774417A1787E85BC0400FD);
INSERT INTO mydb.results (id, away_team_goals, home_team_goals, id_away_team, id_home_team, chamspionships_id) VALUES(0xF8C79CFDACC74BF3875BDF644534288D, 0, 0, 0x123E7729E3DB4E19A3943A1D376B95B0, 0xC056B290C9114460A8C7426F24B3AD5A, 0x4DB5825EBD774417A1787E85BC0400FD);
INSERT INTO mydb.results (id, away_team_goals, home_team_goals, id_away_team, id_home_team, chamspionships_id) VALUES(0xF93319DAAA2742DB94C91F6B23B4971F, 0, 0, 0xD16329827F7A4042AAD8141B74952E61, 0x091C8898655440B0ABA77604BB093C18, 0x4DB5825EBD774417A1787E85BC0400FD);
INSERT INTO mydb.results (id, away_team_goals, home_team_goals, id_away_team, id_home_team, chamspionships_id) VALUES(0xF9C7984F6F73474088B098D53BF8422E, 0, 0, 0xD8068E2B83224D70A11100D959641C70, 0xC056B290C9114460A8C7426F24B3AD5A, 0x4DB5825EBD774417A1787E85BC0400FD);
INSERT INTO mydb.results (id, away_team_goals, home_team_goals, id_away_team, id_home_team, chamspionships_id) VALUES(0xFB287690FEA5406387E05BE97CF37510, 0, 0, 0xD16329827F7A4042AAD8141B74952E61, 0x0D15B02292344CD3AC8F11F4AB48088D, 0x4DB5825EBD774417A1787E85BC0400FD);
INSERT INTO mydb.results (id, away_team_goals, home_team_goals, id_away_team, id_home_team, chamspionships_id) VALUES(0xFDDB767891DE41F78CB0D89392E52AA7, 0, 0, 0x0A74D93587D24A07A75FD1B53A90FF41, 0xC056B290C9114460A8C7426F24B3AD5A, 0x4DB5825EBD774417A1787E85BC0400FD);
INSERT INTO mydb.results (id, away_team_goals, home_team_goals, id_away_team, id_home_team, chamspionships_id) VALUES(0xFDFADAEFDBD8474CA1146B325A9C8E05, 0, 0, 0x529FAA0CDA6E46BD84F317EEA519D8E6, 0x0D15B02292344CD3AC8F11F4AB48088D, 0x4DB5825EBD774417A1787E85BC0400FD);
INSERT INTO mydb.results (id, away_team_goals, home_team_goals, id_away_team, id_home_team, chamspionships_id) VALUES(0xFEAF2D7CB85149EB88164D1D957D68FD, 0, 0, 0x3F4EDEA04A974A0BA69C12F67474FFF6, 0xD8068E2B83224D70A11100D959641C70, 0x4DB5825EBD774417A1787E85BC0400FD);